{
  "videoShape" : [1920, 1080],
  "birdEyeViewShape" : [676, 1181],

  "cameraPoints" : [[581, 727], [1458, 717], [800, 430], [1578, 411]],
  "birdEyePoints" : [[206, 29], [41, 75], [567, 925], [287, 1170]],

  "birdEyeCoordinates" : [[96, 30], [635, 1151]],
  "latLonCoordinates" : [[-122.660828, 45.743893], [-122.659864, 45.742497]],
  "elevation" : 40,
    
  "lanes_mask" : [26, 51, 77, 102, 128, 153]
}
